publisher,points,quarter_start
Scholastic,309,2021-01-01
Random House Audio,193,2021-01-01
Crown,158,2021-01-01
HarperCollins,145,2021-01-01
Avon,145,2021-01-01
"Little, Brown",134,2021-01-01
Amulet,94,2021-01-01
Avery,93,2021-01-01
St. Martin's,93,2021-01-01
Ember,89,2021-01-01
Random House,89,2021-01-01
Knopf,87,2021-01-01
Balzer + Bray,87,2021-01-01
Delacorte,87,2021-01-01
Houghton Mifflin Harcourt,77,2021-01-01
Penguin Audio,70,2021-01-01
Penguin,65,2021-01-01
Simon & Schuster,64,2021-01-01
Grand Central,60,2021-01-01
HarperOne,58,2021-01-01
Riverhead,55,2021-01-01
Andrews McMeel,54,2021-01-01
Quill Tree,52,2021-01-01
Viking,48,2021-01-01
Square Fish,44,2021-01-01
Macmillan Audio,42,2021-01-01
Dell,37,2021-01-01
VIZ Media,36,2021-01-01
Dial,36,2021-01-01
Recorded Books,36,2021-01-01
St. Martin’s Griffin,35,2021-01-01
Norton,35,2021-01-01
Beacon,29,2021-01-01
HarperAudio,28,2021-01-01
Sourcebooks Jabberwocky,28,2021-01-01
Ecco,25,2021-01-01
One World,25,2021-01-01
Tim Duggan,22,2021-01-01
Disney-Hyperion,22,2021-01-01
Doubleday,20,2021-01-01
Penguin Press,20,2021-01-01
Algonquin,20,2021-01-01
Celadon,20,2021-01-01
Atria/Emily Bestler,19,2021-01-01
Kokila,19,2021-01-01
Grosset & Dunlap,18,2021-01-01
Hard Case Crime,17,2021-01-01
Harper,17,2021-01-01
Milkweed Editions,17,2021-01-01
Putnam,17,2021-01-01
Bloomsbury,16,2021-01-01
Morrow,16,2021-01-01
Ballantine,16,2021-01-01
Gallery,16,2021-01-01
Brilliance Audio,16,2021-01-01
Harper Perennial,14,2021-01-01
Thomas Nelson,14,2021-01-01
Tor/Forge,13,2021-01-01
Anchor,13,2021-01-01
Penguin Workshop,13,2021-01-01
Atria,13,2021-01-01
Berkley,12,2021-01-01
Aladdin,12,2021-01-01
Puffin,12,2021-01-01
Clarkson Potter,11,2021-01-01
St. Martin's Griffin,11,2021-01-01
Del Rey,11,2021-01-01
Feiwel & Friends,10,2021-01-01
Pinnacle,10,2021-01-01
Vintage,10,2021-01-01
Margaret K. McElderry,10,2021-01-01
Disney Lucasfilm,9,2021-01-01
Pamela Dorman,8,2021-01-01
WaterBrook,8,2021-01-01
Roaring Brook,8,2021-01-01
"Farrar, Straus & Giroux",8,2021-01-01
Silhouette,8,2021-01-01
Penguin/Portfolio,7,2021-01-01
Flatiron,7,2021-01-01
Penguin Life,7,2021-01-01
Northfield,6,2021-01-01
HarperFestival,6,2021-01-01
Harper Wave,6,2021-01-01
Sourcebooks Wonderland,5,2021-01-01
Podium Audio,5,2021-01-01
Sourcebooks Fire,5,2021-01-01
Quirk/Penguin,5,2021-01-01
Chronicle,4,2021-01-01
Dutton,4,2021-01-01
Center Street,4,2021-01-01
Atheneum/Caitlyn Dlouhy,4,2021-01-01
"Little, Brown Spark",3,2021-01-01
Entangled Teen,3,2021-01-01
Grove,3,2021-01-01
Minotaur,3,2021-01-01
Twelve,3,2021-01-01
Philomel,3,2021-01-01
Stepping Stone/Random House,1,2021-01-01
National Geographic,1,2021-01-01
Convergent,1,2021-01-01
Hearst Home Kids,1,2021-01-01
Seal,1,2021-01-01
NYLA,1,2021-01-01
Milkweed,1,2021-01-01
jimmy patterson-HMH,1,2021-01-01
Running Press,1,2021-01-01
Hachette Audio,0,2021-01-01
Portfolio/Penguin,0,2021-01-01
Hyperion/Disney,0,2021-01-01
Central Recovery,0,2021-01-01
Top Shelf Productions,0,2021-01-01
Haymarket,0,2021-01-01
Scribner,0,2021-01-01
"Melcher/MCD/Farrar, Straus & Giroux",0,2021-01-01
Sourcebooks Explore,0,2021-01-01
Brilliance,0,2021-01-01
Morrow Gift,0,2021-01-01
HQN,0,2021-01-01
Lioncrest,0,2021-01-01
jimmy patterson,0,2021-01-01
Hogarth,0,2021-01-01
Picador,0,2021-01-01
Wednesday,0,2021-01-01
Zebra/Kensington,0,2021-01-01
Revell,0,2021-01-01
Rodale,0,2021-01-01
Avid Reader/Simon & Schuster,0,2021-01-01
Portfolio,0,2021-01-01
Workman,0,2021-01-01
HarperTeen,0,2021-01-01
Melville House,0,2021-01-01
Beacon Press,0,2021-01-01
Orchard,0,2021-01-01
Abrams Appleseed,0,2021-01-01
Broadside,0,2021-01-01
Candlewick,0,2021-01-01
New Press,0,2021-01-01
Graydon House,0,2021-01-01
Atheneum,0,2021-01-01
Ramsey Press,0,2021-01-01
Frances Lincoln,0,2021-01-01
"Melcher Media/MCD/Farrar, Straus & Giroux",0,2021-01-01
Broadway,0,2021-01-01
Liveright,0,2021-01-01
Greenwillow,0,2021-01-01
Simon & Schuster Audio,0,2021-01-01
Tundra,0,2021-01-01
Zebra,0,2021-01-01
Razorbill,0,2021-01-01
Sourcebooks Landmark,0,2021-01-01
Washington Square,0,2021-01-01
Simon & Schuster/Paula Wiseman,0,2021-01-01
Griffin,0,2021-01-01
Berrett-Koehler,0,2021-01-01
Atlantic Monthly,0,2021-01-01
Holt,0,2021-01-01
Back Bay,0,2021-01-01
Harper Audio,0,2021-01-01
Gildan Media,0,2021-01-01
Pocket,0,2021-01-01
Spiegel & Grau,0,2021-01-01
Denene Millner,0,2021-01-01
Audible Studios,0,2021-01-01
Kodansha,0,2021-01-01
MIRA,0,2021-01-01
Houghton Mifflin-Dial,0,2021-01-01
"Back Bay/Little, Brown",0,2021-01-01
Gallery/Saga,0,2021-01-01
Rockridge,0,2021-01-01
Harlequin,0,2021-01-01
Tor,0,2021-01-01
Kensington,0,2021-01-01
Bantam,0,2021-01-01
Henry Holt & Company,0,2021-01-01
Park Row,0,2021-01-01
Scholastic,312,2021-04-01
"Little, Brown",142,2021-04-01
St. Martin's,135,2021-04-01
HarperCollins,130,2021-04-01
Square Fish,113,2021-04-01
Macmillan Audio,107,2021-04-01
Avery,101,2021-04-01
Amulet,99,2021-04-01
Random House Audio,98,2021-04-01
Crown,97,2021-04-01
Random House,88,2021-04-01
Putnam,83,2021-04-01
Doubleday,81,2021-04-01
Simon & Schuster Audio,81,2021-04-01
Penguin,79,2021-04-01
Ember,74,2021-04-01
Simon & Schuster,73,2021-04-01
Delacorte,72,2021-04-01
Knopf,69,2021-04-01
Ecco,67,2021-04-01
Ballantine,67,2021-04-01
Quill Tree,65,2021-04-01
Viking,64,2021-04-01
Dell,60,2021-04-01
Grand Central,60,2021-04-01
HarperOne,59,2021-04-01
Houghton Mifflin Harcourt,59,2021-04-01
Penguin Audio,57,2021-04-01
Avon,47,2021-04-01
Norton,45,2021-04-01
Flatiron,41,2021-04-01
Broadside,40,2021-04-01
Twelve,39,2021-04-01
Holt,37,2021-04-01
Roaring Brook,37,2021-04-01
Milkweed Editions,37,2021-04-01
Imprint,37,2021-04-01
Hard Case Crime,28,2021-04-01
Audible Studios,28,2021-04-01
Berkley,26,2021-04-01
Morrow,26,2021-04-01
HarperTeen,24,2021-04-01
One World,23,2021-04-01
Celadon,21,2021-04-01
Chronicle,21,2021-04-01
"Little, Brown Spark",19,2021-04-01
Sourcebooks Jabberwocky,18,2021-04-01
Feiwel & Friends,17,2021-04-01
Dutton,17,2021-04-01
Bloom,14,2021-04-01
Margaret K. McElderry,14,2021-04-01
HarperFestival,13,2021-04-01
Beacon,13,2021-04-01
Balzer + Bray,11,2021-04-01
Rodale,11,2021-04-01
Grosset & Dunlap,11,2021-04-01
World of Eric Carle,11,2021-04-01
Pushkin Industries,10,2021-04-01
MIRA,10,2021-04-01
HarperAlley,10,2021-04-01
Gallery,9,2021-04-01
Disney-Hyperion,9,2021-04-01
Candlewick,9,2021-04-01
Atheneum,9,2021-04-01
Greenwillow,8,2021-04-01
Puffin,8,2021-04-01
Harper Wave,7,2021-04-01
Clarkson Potter,6,2021-04-01
Emily Bestler/Atria,6,2021-04-01
VIZ Media,5,2021-04-01
Andrews McMeel,5,2021-04-01
Vintage,5,2021-04-01
Hachette Audio,5,2021-04-01
St. Martin's Griffin,5,2021-04-01
Pocket,4,2021-04-01
Ace,4,2021-04-01
Atria,4,2021-04-01
Brilliance Audio,4,2021-04-01
Kodansha,4,2021-04-01
Atria/Emily Bestler,4,2021-04-01
Central Recovery,4,2021-04-01
Dial,4,2021-04-01
Kokila,3,2021-04-01
Harper,3,2021-04-01
Wednesday,3,2021-04-01
TarcherPerigee,3,2021-04-01
Dey St.,3,2021-04-01
Park Row,2,2021-04-01
Harper Perennial,2,2021-04-01
Citadel,2,2021-04-01
Swoon Reads,2,2021-04-01
Tor.com,2,2021-04-01
St. Martin’s Griffin,2,2021-04-01
Washington Square,2,2021-04-01
Liveright,2,2021-04-01
jimmy patterson,1,2021-04-01
Penguin Workshop,1,2021-04-01
Compendium,1,2021-04-01
Back Bay,0,2021-04-01
Del Rey,0,2021-04-01
Harper Audio,0,2021-04-01
Pinnacle,0,2021-04-01
Yearling,0,2021-04-01
Seal,0,2021-04-01
Penguin Press,0,2021-04-01
Tim Duggan,0,2021-04-01
Aladdin,0,2021-04-01
Workman,0,2021-04-01
Abrams Image,0,2021-04-01
Riverhead,0,2021-04-01
Avid Reader/Simon & Schuster,0,2021-04-01
Penguin/Portfolio,0,2021-04-01
Northfield,0,2021-04-01
National Geographic,0,2021-04-01
Portfolio,0,2021-04-01
Scribner,0,2021-04-01
Regnery,0,2021-04-01
Picador,0,2021-04-01
HQN,0,2021-04-01
Stepping Stone/Random House,0,2021-04-01
"Farrar, Straus & Giroux",0,2021-04-01
Harlequin,0,2021-04-01
Abrams,0,2021-04-01
Forever,0,2021-04-01
Hanover Square,0,2021-04-01
Silhouette,0,2021-04-01
"Back Bay/Little, Brown",0,2021-04-01
jimmy patterson-HMH,0,2021-04-01
Philomel,0,2021-04-01
Harper Business,0,2021-04-01
Atria/One Signal,0,2021-04-01
Thomas Nelson,0,2021-04-01
Bantam,0,2021-04-01
Atheneum/Caitlyn Dlouhy,0,2021-04-01
Library of America,0,2021-04-01
FaithWords,0,2021-04-01
Gallery/Scout,0,2021-04-01
Running Press,0,2021-04-01
Threshold Editions,0,2021-04-01
Orbit,0,2021-04-01
Sourcebooks Fire,0,2021-04-01
Tor/Forge,0,2021-04-01
Bloomsbury,0,2021-04-01
Anchor,0,2021-04-01
Harmony,0,2021-04-01
Currency,0,2021-04-01
Metropolitan/Holt,0,2021-04-01
Inkyard,0,2021-04-01
Harper Design,0,2021-04-01
HarperAudio,0,2021-04-01
Graydon House,0,2021-04-01
Sourcebooks Wonderland,0,2021-04-01
Griffin,0,2021-04-01
The Open Field,0,2021-04-01
Sourcebooks Landmark,0,2021-04-01
Zebra,0,2021-04-01
WaterBrook,0,2021-04-01
Scholastic,263,2021-07-01
Houghton Mifflin Harcourt,140,2021-07-01
Avery,126,2021-07-01
Threshold Editions,113,2021-07-01
Simon & Schuster Audio,104,2021-07-01
"Little, Brown",104,2021-07-01
Penguin,100,2021-07-01
Random House Audio,98,2021-07-01
Simon & Schuster,96,2021-07-01
Delacorte,88,2021-07-01
Ember,87,2021-07-01
Dell,85,2021-07-01
Random House,82,2021-07-01
VIZ Media,76,2021-07-01
Harper,72,2021-07-01
HarperCollins,70,2021-07-01
Knopf,69,2021-07-01
Atria,67,2021-07-01
Quill Tree,66,2021-07-01
Berkley,62,2021-07-01
Penguin Audio,61,2021-07-01
Amulet,61,2021-07-01
Square Fish,60,2021-07-01
St. Martin's,59,2021-07-01
HarperOne,58,2021-07-01
Macmillan Audio,55,2021-07-01
Harper Perennial,55,2021-07-01
Balzer + Bray,53,2021-07-01
One World,53,2021-07-01
Audible Studios,52,2021-07-01
Scribner,49,2021-07-01
Putnam,48,2021-07-01
Riverhead,47,2021-07-01
Milkweed Editions,44,2021-07-01
Penguin Press,44,2021-07-01
Ecco,40,2021-07-01
Grand Central,39,2021-07-01
Hyperion,36,2021-07-01
"Farrar, Straus & Giroux",33,2021-07-01
Broadside,32,2021-07-01
"Little, Brown Spark",31,2021-07-01
Ballantine,29,2021-07-01
Disney-Hyperion,28,2021-07-01
Atheneum,25,2021-07-01
HarperTeen,24,2021-07-01
Center Street,24,2021-07-01
Holt,23,2021-07-01
Dial,20,2021-07-01
Washington Square,18,2021-07-01
Puffin,18,2021-07-01
Crown,17,2021-07-01
Pocket,15,2021-07-01
Avid Reader,15,2021-07-01
Minotaur,15,2021-07-01
jimmy patterson,15,2021-07-01
"Back Bay/Little, Brown",15,2021-07-01
Viking,14,2021-07-01
Celadon,12,2021-07-01
Convergent,11,2021-07-01
Nancy Paulsen,11,2021-07-01
First Second,10,2021-07-01
Emily Bestler/Atria,10,2021-07-01
Washington Square/Atria,9,2021-07-01
Dey Street,8,2021-07-01
Hachette Audio,8,2021-07-01
Northfield,8,2021-07-01
Sourcebooks Fire,8,2021-07-01
Doubleday,7,2021-07-01
Grosset & Dunlap,7,2021-07-01
Clarkson Potter,6,2021-07-01
Twelve,6,2021-07-01
Disney Lucasfilm,6,2021-07-01
Candlewick,6,2021-07-01
Wednesday,5,2021-07-01
PublicAffairs,5,2021-07-01
Silhouette,5,2021-07-01
Aladdin,4,2021-07-01
Podium Audio,4,2021-07-01
Pushkin Industries,4,2021-07-01
Hachette,4,2021-07-01
Zebra,4,2021-07-01
Feiwel & Friends,4,2021-07-01
HarperAudio,4,2021-07-01
Morrow,4,2021-07-01
Beacon,4,2021-07-01
Running Press,4,2021-07-01
Sourcebooks Jabberwocky,3,2021-07-01
Katherine Tegen,3,2021-07-01
Flatiron,3,2021-07-01
Pamela Dorman,3,2021-07-01
Hearst Home Kids,2,2021-07-01
Penguin Life,2,2021-07-01
Plume,2,2021-07-01
National Geographic,2,2021-07-01
Thomas Nelson,2,2021-07-01
Roaring Brook,1,2021-07-01
Dutton,1,2021-07-01
Poppy,1,2021-07-01
Sourcebooks Wonderland,1,2021-07-01
Colleen Hoover,1,2021-07-01
Norton,1,2021-07-01
Hanover Square,1,2021-07-01
Bloom,0,2021-07-01
Kokila,0,2021-07-01
Workman,0,2021-07-01
Harper Horizon,0,2021-07-01
Blackstone,0,2021-07-01
Spiegel & Grau,0,2021-07-01
Back Bay,0,2021-07-01
Gallery,0,2021-07-01
Liveright,0,2021-07-01
Griffin,0,2021-07-01
Broadway,0,2021-07-01
Imprint,0,2021-07-01
Harlequin Audio,0,2021-07-01
Greenwillow,0,2021-07-01
WaterBrook,0,2021-07-01
Razorbill,0,2021-07-01
‎Back Bay/Little Brown,0,2021-07-01
St. Martin's Griffin,0,2021-07-01
Graydon House,0,2021-07-01
Chronicle,0,2021-07-01
‎Berkley,0,2021-07-01
Gallery Books,0,2021-07-01
Ace,0,2021-07-01
Avid Reader/Simon & Schuster,0,2021-07-01
Zebra/Kensington,0,2021-07-01
Stepping Stone/Random House,0,2021-07-01
Custom House,0,2021-07-01
Lioncrest,0,2021-07-01
Portfolio,0,2021-07-01
Atheneum/Caitlyn Dlouhy,0,2021-07-01
Tor,0,2021-07-01
Bantam,0,2021-07-01
Vintage,0,2021-07-01
Harper Wave,0,2021-07-01
HarperAlley,0,2021-07-01
Avon,0,2021-07-01
MIRA,0,2021-07-01
Algonquin,0,2021-07-01
Philomel,0,2021-07-01
Margaret K. McElderry,0,2021-07-01
Kodansha,0,2021-07-01
Pinnacle,0,2021-07-01
Del Rey,0,2021-07-01
Tor/Forge,0,2021-07-01
Anchor,0,2021-07-01
Central Recovery,0,2021-07-01
Hyperion/Disney,0,2021-07-01
Harper Design,0,2021-07-01
Harlequin,0,2021-07-01
Scholastic,266,2021-10-01
Harper,138,2021-10-01
Viking,126,2021-10-01
Delacorte,126,2021-10-01
Grand Central,122,2021-10-01
Avery,104,2021-10-01
Random House Audio,100,2021-10-01
Macmillan Audio,92,2021-10-01
"Little, Brown",87,2021-10-01
HarperCollins,77,2021-10-01
Ember,76,2021-10-01
Atria,76,2021-10-01
Doubleday,73,2021-10-01
Amulet,70,2021-10-01
Penguin,68,2021-10-01
Quill Tree,66,2021-10-01
Houghton Mifflin Harcourt,66,2021-10-01
Morrow,66,2021-10-01
Random House,60,2021-10-01
Simon & Schuster Audio,57,2021-10-01
Knopf,53,2021-10-01
Custom House,52,2021-10-01
Washington Square/Atria,51,2021-10-01
Square Fish,50,2021-10-01
Simon & Schuster,48,2021-10-01
Penguin Audio,43,2021-10-01
One World,42,2021-10-01
HarperAudio,42,2021-10-01
Dey Street,41,2021-10-01
Holt,40,2021-10-01
Disney-Hyperion,39,2021-10-01
Milkweed Editions,39,2021-10-01
Sourcebooks Jabberwocky,38,2021-10-01
VIZ Media,36,2021-10-01
Candlewick,36,2021-10-01
HarperOne,34,2021-10-01
Berkley,33,2021-10-01
Ecco,33,2021-10-01
Penguin Press,30,2021-10-01
Scribner,29,2021-10-01
Hachette,24,2021-10-01
Back Bay,24,2021-10-01
Atheneum,24,2021-10-01
Broadside,24,2021-10-01
Threshold Editions,22,2021-10-01
Margaret K. McElderry,21,2021-10-01
Putnam,21,2021-10-01
Liveright,21,2021-10-01
Dutton,21,2021-10-01
Audible Originals,20,2021-10-01
Dell,20,2021-10-01
Random House Worlds,20,2021-10-01
Recorded Books,20,2021-10-01
MIRA,20,2021-10-01
Flatiron,18,2021-10-01
Hachette Audio,16,2021-10-01
Pocket,16,2021-10-01
jimmy patterson,15,2021-10-01
‎Dey Street,15,2021-10-01
Abrams,15,2021-10-01
Zebra,15,2021-10-01
Avid Reader,14,2021-10-01
"Farrar, Straus & Giroux",14,2021-10-01
Chronicle,13,2021-10-01
Sentinel,12,2021-10-01
Harper Perennial,12,2021-10-01
Kodansha,12,2021-10-01
Balzer + Bray,12,2021-10-01
Ballantine,12,2021-10-01
First Second,10,2021-10-01
Hanover Square,10,2021-10-01
Andy Cohen,10,2021-10-01
Legacy Lit,10,2021-10-01
Emily Bestler/Atria,9,2021-10-01
Feiwel & Friends,9,2021-10-01
Portfolio,8,2021-10-01
Wednesday,8,2021-10-01
St. Martin's,8,2021-10-01
Crown,8,2021-10-01
"Simon & Schuster, St. Martin's",8,2021-10-01
Algonquin,8,2021-10-01
Hyperion,8,2021-10-01
Mira,8,2021-10-01
Dial,8,2021-10-01
Sourcebooks Explore,7,2021-10-01
Atheneum/Caitlyn Dlouhy,7,2021-10-01
"Simon & Schuster, St. Martin’s",7,2021-10-01
Black Dog & Leventhal,7,2021-10-01
Colleen Hoover,6,2021-10-01
Gallery,6,2021-10-01
Penguin Teen,6,2021-10-01
Harper Wave,6,2021-10-01
Kokila,6,2021-10-01
Hay House,5,2021-10-01
Ten Speed,5,2021-10-01
Tim Duggan,5,2021-10-01
DK,5,2021-10-01
Clarkson Potter,5,2021-10-01
Sourcebooks Wonderland,5,2021-10-01
Mariner,4,2021-10-01
Orbit,4,2021-10-01
Rick Riordan Presents,4,2021-10-01
Ace,3,2021-10-01
Bloomsbury,3,2021-10-01
Del Rey,3,2021-10-01
Roaring Brook,3,2021-10-01
Twelve,3,2021-10-01
Norton,3,2021-10-01
Shadow Mountain,3,2021-10-01
Northfield,2,2021-10-01
Andrews McMeel,2,2021-10-01
Tor,2,2021-10-01
Mobius,2,2021-10-01
Poppy,2,2021-10-01
WaterBrook,2,2021-10-01
Stepping Stone/Random House,1,2021-10-01
Skyhorse,1,2021-10-01
Tor Teen,1,2021-10-01
Thomas Nelson,1,2021-10-01
Philomel,1,2021-10-01
Workman,1,2021-10-01
Aladdin,1,2021-10-01
Voracious,1,2021-10-01
Pamela Dorman,1,2021-10-01
Riverhead,0,2021-10-01
Etch/Clarion,0,2021-10-01
Regnery,0,2021-10-01
Back Bay/Little Brown,0,2021-10-01
Rodale,0,2021-10-01
‎St. Martin's Griffin,0,2021-10-01
Yen Press,0,2021-10-01
HQN,0,2021-10-01
Hogarth,0,2021-10-01
Central Recovery,0,2021-10-01
Tor/Forge,0,2021-10-01
Penguin Group,0,2021-10-01
Penguin Workshop,0,2021-10-01
Center Street,0,2021-10-01
Chronicle Prism,0,2021-10-01
Pinnacle,0,2021-10-01
‎Dutton,0,2021-10-01
Hearst Home Kids,0,2021-10-01
Running Press,0,2021-10-01
Callaway,0,2021-10-01
Celadon,0,2021-10-01
Sourcebooks Fire,0,2021-10-01
Beacon,0,2021-10-01
Vintage,0,2021-10-01
Clarion,0,2021-10-01
Audible Studios,0,2021-10-01
Silhouette,0,2021-10-01
Avon,0,2021-10-01
Hachette Books,0,2021-10-01
Redhook,0,2021-10-01
Metropolitan,0,2021-10-01
Post Hill,0,2021-10-01
Basic,0,2021-10-01
Abrams Image,0,2021-10-01
HarperTeen,0,2021-10-01
Other,0,2021-10-01
Minotaur,0,2021-10-01
‎Back Bay/Little Brown,0,2021-10-01
Katherine Tegen,0,2021-10-01
Puffin,0,2021-10-01
Broadway,0,2021-10-01
Harlequin Audio,0,2021-10-01
Greenwillow,0,2021-10-01
Harlequin Mira,0,2021-10-01
Scholastic,258,2022-01-01
Atria,141,2022-01-01
Grand Central,131,2022-01-01
Harper,126,2022-01-01
Avery,124,2022-01-01
Random House,114,2022-01-01
Delacorte,113,2022-01-01
Random House Audio,110,2022-01-01
Viking,108,2022-01-01
Penguin,103,2022-01-01
Ember,91,2022-01-01
Penguin Audio,85,2022-01-01
Macmillan Audio,84,2022-01-01
Morrow,84,2022-01-01
One World,82,2022-01-01
Quill Tree,77,2022-01-01
"Little, Brown",70,2022-01-01
Washington Square/Atria,68,2022-01-01
Dell,65,2022-01-01
Amulet,62,2022-01-01
Knopf,58,2022-01-01
HarperCollins,57,2022-01-01
Avid Reader,47,2022-01-01
Crown,47,2022-01-01
Disney-Hyperion,47,2022-01-01
Penguin Press,43,2022-01-01
Simon & Schuster,43,2022-01-01
HarperAudio,43,2022-01-01
Square Fish,42,2022-01-01
Clarion,41,2022-01-01
VIZ Media,40,2022-01-01
Audible Studios,40,2022-01-01
Doubleday,37,2022-01-01
Wednesday,35,2022-01-01
St. Martin's,34,2022-01-01
Balzer + Bray,34,2022-01-01
Margaret K. McElderry,34,2022-01-01
Sourcebooks Jabberwocky,34,2022-01-01
Berkley,32,2022-01-01
Portfolio,31,2022-01-01
Ballantine,31,2022-01-01
Putnam,31,2022-01-01
HarperOne,30,2022-01-01
Milkweed Editions,28,2022-01-01
Houghton Mifflin Harcourt,26,2022-01-01
Dey Street,24,2022-01-01
Bloomsbury,24,2022-01-01
Custom House,20,2022-01-01
Algonquin,20,2022-01-01
Recorded Books,20,2022-01-01
Greenwillow,20,2022-01-01
Avon,19,2022-01-01
Atheneum,19,2022-01-01
Grosset & Dunlap,18,2022-01-01
Entangled Teen,18,2022-01-01
Vintage,17,2022-01-01
Pinnacle,15,2022-01-01
Kokila,15,2022-01-01
Pantheon,12,2022-01-01
Pocket Star,12,2022-01-01
Philomel,11,2022-01-01
Atheneum/Caitlyn Dlouhy,11,2022-01-01
Harvest,11,2022-01-01
Dial,11,2022-01-01
Levine Querido,10,2022-01-01
Holt,8,2022-01-01
Mercury Radio Arts,8,2022-01-01
Ecco,8,2022-01-01
Feiwel & Friends,8,2022-01-01
Abrams Appleseed,7,2022-01-01
"Farrar, Straus & Giroux",7,2022-01-01
Harper Perennial,7,2022-01-01
New Press,6,2022-01-01
Liveright,6,2022-01-01
Workman,5,2022-01-01
Riverhead,5,2022-01-01
Norton,5,2022-01-01
Penguin Workshop,5,2022-01-01
Nancy Paulsen,4,2022-01-01
Sourcebooks Explore,3,2022-01-01
Tor,3,2022-01-01
Chronicle,3,2022-01-01
Dutton,3,2022-01-01
Gallery,2,2022-01-01
Hachette Go,2,2022-01-01
Running Press,2,2022-01-01
MCD,2,2022-01-01
Sourcebooks Wonderland,2,2022-01-01
Razorbill,2,2022-01-01
Back Bay,1,2022-01-01
Penguin Teen,1,2022-01-01
HarperFestival,1,2022-01-01
Clarkson Potter,1,2022-01-01
Convergent,1,2022-01-01
Seven Seas Entertainment,1,2022-01-01
The Open Field,1,2022-01-01
WaterBrook,1,2022-01-01
Sourcebooks,1,2022-01-01
Podium Audio,0,2022-01-01
Random House Worlds,0,2022-01-01
Pocket,0,2022-01-01
Del Rey,0,2022-01-01
Tim Duggan,0,2022-01-01
Ramsey,0,2022-01-01
Twelve,0,2022-01-01
Hyperion,0,2022-01-01
HarperTeen,0,2022-01-01
Hyperion Avenue,0,2022-01-01
Aladdin,0,2022-01-01
Orchard,0,2022-01-01
Basic,0,2022-01-01
Nelson,0,2022-01-01
Scribner,0,2022-01-01
Andrews McMeel,0,2022-01-01
Back Bay/Little Brown,0,2022-01-01
Stepping Stone/Random House,0,2022-01-01
jimmy patterson,0,2022-01-01
Hogarth,0,2022-01-01
Lioncrest,0,2022-01-01
Picador,0,2022-01-01
Northfield,0,2022-01-01
HQN,0,2022-01-01
Mariner,0,2022-01-01
"Simon & Schuster, St. Martin's",0,2022-01-01
DK,0,2022-01-01
MIRA,0,2022-01-01
Silhouette,0,2022-01-01
Black Dog & Leventhal,0,2022-01-01
Abrams,0,2022-01-01
Metropolitan,0,2022-01-01
Mulholland,0,2022-01-01
Callaway,0,2022-01-01
Celadon,0,2022-01-01
Thomas Nelson,0,2022-01-01
Sourcebooks Fire,0,2022-01-01
Threshold Editions,0,2022-01-01
Orbit,0,2022-01-01
Park Row,0,2022-01-01
Cemetery Dance,0,2022-01-01
Sentinel,0,2022-01-01
Skyhorse,0,2022-01-01
Hachette Audio,0,2022-01-01
Tor/Forge,0,2022-01-01
Hachette,0,2022-01-01
"Little, Brown Spark",0,2022-01-01
Hay House,0,2022-01-01
Inkyard,0,2022-01-01
Anchor,0,2022-01-01
Broadside,0,2022-01-01
Candlewick,0,2022-01-01
Flatiron,0,2022-01-01
Forefront,0,2022-01-01
St. Martin's Griffin,0,2022-01-01
Kensington Cozies,0,2022-01-01
Pamela Dorman,0,2022-01-01
Broadway,0,2022-01-01
Simon & Schuster Audio,0,2022-01-01
Tor Fantasy,0,2022-01-01
Minotaur,0,2022-01-01
Sourcebooks Casablanca,0,2022-01-01
Zebra,0,2022-01-01
Tyndale House,0,2022-01-01
Scholastic,299,2022-04-01
Putnam,144,2022-04-01
Delacorte,139,2022-04-01
"Little, Brown",136,2022-04-01
Atria,135,2022-04-01
Random House,133,2022-04-01
Avery,132,2022-04-01
Grand Central,124,2022-04-01
Simon & Schuster,117,2022-04-01
Penguin Audio,103,2022-04-01
Penguin,101,2022-04-01
HarperAudio,93,2022-04-01
HarperCollins,90,2022-04-01
Knopf,84,2022-04-01
Ember,83,2022-04-01
HarperOne,81,2022-04-01
Morrow,78,2022-04-01
St. Martin's,74,2022-04-01
Dell,69,2022-04-01
Quill Tree,65,2022-04-01
Amulet,63,2022-04-01
Simon & Schuster Audio,62,2022-04-01
VIZ Media,60,2022-04-01
Berkley,52,2022-04-01
Random House Audio,49,2022-04-01
Crown,48,2022-04-01
Macmillan Audio,43,2022-04-01
Feiwel & Friends,43,2022-04-01
Hachette Audio,40,2022-04-01
Sourcebooks Jabberwocky,37,2022-04-01
Broadside,35,2022-04-01
Milkweed Editions,34,2022-04-01
Wednesday,33,2022-04-01
Anchor,32,2022-04-01
Square Fish,31,2022-04-01
Portfolio,31,2022-04-01
Washington Square/Atria,31,2022-04-01
Avid Reader,29,2022-04-01
Disney-Hyperion,29,2022-04-01
Clarion,26,2022-04-01
Greenwillow,24,2022-04-01
Dey Street,23,2022-04-01
Clarkson Potter,23,2022-04-01
Doubleday,22,2022-04-01
Princeton University,17,2022-04-01
Chronicle,17,2022-04-01
Pantheon,16,2022-04-01
Penguin Press,14,2022-04-01
HarperFestival,14,2022-04-01
Ecco,13,2022-04-01
One World,12,2022-04-01
HQN,12,2022-04-01
Threshold Editions,12,2022-04-01
Atheneum,12,2022-04-01
Ballantine,11,2022-04-01
Mariner,10,2022-04-01
Margaret K. McElderry,10,2022-04-01
Atria/Emily Bestler,10,2022-04-01
Viking,10,2022-04-01
Levine Querido,9,2022-04-01
Harper Perennial,9,2022-04-01
Grosset & Dunlap,8,2022-04-01
Kokila,7,2022-04-01
Holt,5,2022-04-01
Aladdin,5,2022-04-01
Flamingo,5,2022-04-01
Abrams,5,2022-04-01
Tor,5,2022-04-01
Celadon,5,2022-04-01
Penguin Teen,4,2022-04-01
Harper,4,2022-04-01
Balzer + Bray,4,2022-04-01
"Farrar, Straus & Giroux",4,2022-04-01
Avon,4,2022-04-01
Walker,4,2022-04-01
Dutton Caliber,4,2022-04-01
Zebra,4,2022-04-01
"Simon & Schuster, hardcover and paper",4,2022-04-01
Riverhead,3,2022-04-01
Page Street,3,2022-04-01
Philomel,3,2022-04-01
Scholastic/Kaepernick,3,2022-04-01
Atheneum/Caitlyn Dlouhy,3,2022-04-01
Dial,3,2022-04-01
Basic,2,2022-04-01
Orchard,2,2022-04-01
Scribner,2,2022-04-01
Enchanted Lion,2,2022-04-01
Norton,2,2022-04-01
Flatiron,2,2022-04-01
Dutton,2,2022-04-01
Disney,2,2022-04-01
World of Eric Carle,2,2022-04-01
Twelve,1,2022-04-01
Bloomsbury,1,2022-04-01
Compendium,1,2022-04-01
Sourcebooks Wonderland,1,2022-04-01
Razorbill,1,2022-04-01
Gallery,0,2022-04-01
Algonquin,0,2022-04-01
Audible Studios,0,2022-04-01
MIRA,0,2022-04-01
Silhouette,0,2022-04-01
HarperAlley,0,2022-04-01
Harlequin,0,2022-04-01
Forever,0,2022-04-01
Seven Seas Entertainment,0,2022-04-01
Post Hill,0,2022-04-01
Redhook,0,2022-04-01
Harper Business,0,2022-04-01
"Back Bay/Little, Brown",0,2022-04-01
TarcherPerigee,0,2022-04-01
Park Row,0,2022-04-01
Running Press,0,2022-04-01
Recorded Books,0,2022-04-01
Sourcebooks Fire,0,2022-04-01
Beacon,0,2022-04-01
Thomas Nelson,0,2022-04-01
Entangled Teen,0,2022-04-01
Penguin Workshop,0,2022-04-01
Skyhorse,0,2022-04-01
Rick Riordan,0,2022-04-01
Hyperion/Disney,0,2022-04-01
Christy Ottaviano,0,2022-04-01
Currency,0,2022-04-01
MCD,0,2022-04-01
Pamela Dorman,0,2022-04-01
New Press,0,2022-04-01
Forefront,0,2022-04-01
St. Martin's Griffin,0,2022-04-01
New Harbinger,0,2022-04-01
Lorena Jones,0,2022-04-01
Atlantic Monthly,0,2022-04-01
WaterBrook,0,2022-04-01
Nancy Paulsen,0,2022-04-01
Broadway,0,2022-04-01
Washington Square,0,2022-04-01
Back Bay,0,2022-04-01
Pocket,0,2022-04-01
Pinnacle,0,2022-04-01
Tim Duggan,0,2022-04-01
Tiny Reparations,0,2022-04-01
Morrow Cookbooks,0,2022-04-01
Del Rey,0,2022-04-01
Center Street,0,2022-04-01
Simon Element,0,2022-04-01
Mercury Radio Arts,0,2022-04-01
Rick Riordan Presents,0,2022-04-01
Convergent,0,2022-04-01
Blackstone,0,2022-04-01
HarperTeen,0,2022-04-01
Peachtree Teen,0,2022-04-01
Northfield,0,2022-04-01
Custom House,0,2022-04-01
Stepping Stone/Random House,0,2022-04-01
Harper Voyager,0,2022-04-01
Picador,0,2022-04-01
Hachette Go,0,2022-04-01
Yen Press,0,2022-04-01
Andrews McMeel,0,2022-04-01
goop Press,0,2022-04-01
Zondervan,0,2022-04-01
Sourcebooks Landmark,0,2022-04-01
Sourcebooks Casablanca,0,2022-04-01
Scholastic,276,2022-07-01
Simon & Schuster,188,2022-07-01
Grand Central,187,2022-07-01
Random House,176,2022-07-01
"Little, Brown",168,2022-07-01
Atria,166,2022-07-01
Putnam,147,2022-07-01
Delacorte,130,2022-07-01
Avery,130,2022-07-01
Penguin,122,2022-07-01
Knopf,113,2022-07-01
Simon & Schuster Audio,110,2022-07-01
Random House Audio,88,2022-07-01
Penguin Audio,85,2022-07-01
HarperOne,84,2022-07-01
Clarion,83,2022-07-01
VIZ Media,74,2022-07-01
Ember,73,2022-07-01
Broadside,70,2022-07-01
Amulet,52,2022-07-01
Dell,51,2022-07-01
Milkweed Editions,50,2022-07-01
Harper,49,2022-07-01
Quill Tree,48,2022-07-01
Hachette Audio,44,2022-07-01
St. Martin's,40,2022-07-01
Morrow,39,2022-07-01
HarperCollins,38,2022-07-01
Disney-Hyperion,37,2022-07-01
Disney,36,2022-07-01
Atheneum,33,2022-07-01
HarperAudio,33,2022-07-01
Audible Studios,26,2022-07-01
Ballantine,23,2022-07-01
Hyperion,21,2022-07-01
Penguin Press,21,2022-07-01
Doubleday,20,2022-07-01
Random House Worlds,20,2022-07-01
Dial,19,2022-07-01
Philomel,18,2022-07-01
One World,17,2022-07-01
Nancy Paulsen,17,2022-07-01
"Back Bay/Little, Brown",16,2022-07-01
Bantam,13,2022-07-01
Harper Business,13,2022-07-01
HarperTeen,12,2022-07-01
Tor Teen,12,2022-07-01
Bloomsbury,12,2022-07-01
Washington Square/Atria,12,2022-07-01
Wednesday,11,2022-07-01
Viking,10,2022-07-01
Flatiron,10,2022-07-01
Scribner,10,2022-07-01
Balzer + Bray,8,2022-07-01
Scout,8,2022-07-01
"Farrar, Straus & Giroux",8,2022-07-01
Back Bay,7,2022-07-01
Mulholland,7,2022-07-01
Clarkson Potter,6,2022-07-01
Atria/Emily Bestler,6,2022-07-01
Sourcebooks Jabberwocky,6,2022-07-01
Feiwel & Friends,6,2022-07-01
Hanover Square,6,2022-07-01
Morrow/Michael Mann,5,2022-07-01
Disney Lucasfilm,5,2022-07-01
Dutton,5,2022-07-01
Harper Voyager,5,2022-07-01
Workman,4,2022-07-01
Holt,4,2022-07-01
Berkley,4,2022-07-01
Macmillan Audio,4,2022-07-01
Union Square Kids,4,2022-07-01
Hogarth,4,2022-07-01
Portfolio,4,2022-07-01
Grosset & Dunlap,4,2022-07-01
Vintage,4,2022-07-01
Frontline,4,2022-07-01
Aladdin,3,2022-07-01
Dey Street,3,2022-07-01
Sourcebooks Wonderland,3,2022-07-01
Ace,3,2022-07-01
Running Press,3,2022-07-01
Crown,3,2022-07-01
Levine Querido,3,2022-07-01
Margaret K. McElderry,3,2022-07-01
Northfield,2,2022-07-01
Atheneum/Caitlyn Dlouhy,2,2022-07-01
Penguin Teen,1,2022-07-01
Kokila,0,2022-07-01
Peachtree Teen,0,2022-07-01
Rick Riordan Presents,0,2022-07-01
"Farrar, Straus and Giroux",0,2022-07-01
Basic,0,2022-07-01
DC Comics,0,2022-07-01
Avid Reader,0,2022-07-01
Podium Audio,0,2022-07-01
Pinnacle,0,2022-07-01
Pocket,0,2022-07-01
Yearling,0,2022-07-01
Ten Speed,0,2022-07-01
Twelve,0,2022-07-01
Del Rey,0,2022-07-01
Spiegel & Grau,0,2022-07-01
Square Fish,0,2022-07-01
Gallery,0,2022-07-01
Anchor,0,2022-07-01
Hyperion/Disney,0,2022-07-01
Penguin Workshop,0,2022-07-01
Christy Ottaviano,0,2022-07-01
Marysue Rucci/Scribner,0,2022-07-01
Greenwillow,0,2022-07-01
Zebra,0,2022-07-01
Simon Pulse,0,2022-07-01
Sourcebooks Landmark,0,2022-07-01
Broadway,0,2022-07-01
Houghton Mifflin Harcourt,0,2022-07-01
Plume,0,2022-07-01
WaterBrook,0,2022-07-01
Minotaur,0,2022-07-01
Katherine Tegen,0,2022-07-01
Ecco,0,2022-07-01
Compendium,0,2022-07-01
Chronicle,0,2022-07-01
Feiwel and Friends,0,2022-07-01
Candlewick,0,2022-07-01
Pamela Dorman,0,2022-07-01
Forefront,0,2022-07-01
Lioncrest,0,2022-07-01
jimmy patterson,0,2022-07-01
Mariner,0,2022-07-01
Riverhead,0,2022-07-01
Audible Originals,0,2022-07-01
Yen Press,0,2022-07-01
Celadon,0,2022-07-01
Harper Perennial,0,2022-07-01
Sourcebooks Fire,0,2022-07-01
Thomas Nelson,0,2022-07-01
Recorded Books,0,2022-07-01
Kensington,0,2022-07-01
Atria/One Signal,0,2022-07-01
Norton,0,2022-07-01
Kodansha,0,2022-07-01
MIRA,0,2022-07-01
Harlequin,0,2022-07-01
Abrams,0,2022-07-01
Seven Seas Entertainment,0,2022-07-01
IDW,0,2022-07-01
Silhouette,0,2022-07-01
Avon,0,2022-07-01
Metropolitan,0,2022-07-01
Scholastic,217,2022-10-01
Atria,212,2022-10-01
Simon & Schuster,189,2022-10-01
Simon & Schuster Audio,173,2022-10-01
Grand Central,150,2022-10-01
Avery,117,2022-10-01
Ember,114,2022-10-01
Disney,108,2022-10-01
HarperCollins,99,2022-10-01
Quill Tree,97,2022-10-01
Random House Audio,96,2022-10-01
Putnam,87,2022-10-01
Random House,80,2022-10-01
Penguin,78,2022-10-01
"Little, Brown",78,2022-10-01
Knopf,74,2022-10-01
Doubleday,73,2022-10-01
Scribner,69,2022-10-01
Penguin Audio,69,2022-10-01
Clarion,69,2022-10-01
Amulet,68,2022-10-01
Vintage,65,2022-10-01
Flatiron,59,2022-10-01
Morrow,58,2022-10-01
VIZ Media,52,2022-10-01
Delacorte,52,2022-10-01
Sourcebooks Jabberwocky,51,2022-10-01
Milkweed Editions,44,2022-10-01
St. Martin's,42,2022-10-01
Crown,42,2022-10-01
Clarkson Potter,38,2022-10-01
Feiwel & Friends,38,2022-10-01
Macmillan Audio,32,2022-10-01
Dell,32,2022-10-01
Square Fish,32,2022-10-01
Zonderkidz,30,2022-10-01
Portfolio,27,2022-10-01
Penguin Press,27,2022-10-01
Dial,24,2022-10-01
Holt,23,2022-10-01
Ballantine,20,2022-10-01
Random House Worlds,20,2022-10-01
Broadside,19,2022-10-01
Dey Street,19,2022-10-01
Hanover Square,17,2022-10-01
Sourcebooks Explore,12,2022-10-01
Union Square Kids,12,2022-10-01
Chronicle,12,2022-10-01
Minotaur,12,2022-10-01
"Farrar, Straus & Giroux",12,2022-10-01
Simon & Schuster Audio Originals,12,2022-10-01
Sourcebooks Fire,12,2022-10-01
Harmony,11,2022-10-01
HarperOne,10,2022-10-01
Atheneum,10,2022-10-01
Threshold Editions,10,2022-10-01
Riverhead,9,2022-10-01
Hachette Audio,8,2022-10-01
Harper,8,2022-10-01
Sourcebooks Wonderland,8,2022-10-01
Greenwillow,8,2022-10-01
Harper Wave,8,2022-10-01
Tor,8,2022-10-01
Atria/Emily Bestler,7,2022-10-01
Aladdin,7,2022-10-01
Philomel,7,2022-10-01
Disney-Hyperion,7,2022-10-01
Harvest,7,2022-10-01
jimmy patterson,6,2022-10-01
Workman,6,2022-10-01
Ten Speed,6,2022-10-01
Margaret K. McElderry,6,2022-10-01
Balzer + Bray,5,2022-10-01
HarperTeen,5,2022-10-01
Harper Select,5,2022-10-01
First Second,5,2022-10-01
Flamingo,5,2022-10-01
HQN,4,2022-10-01
Zando,4,2022-10-01
Voracious,4,2022-10-01
Del Rey,4,2022-10-01
Bloomsbury,3,2022-10-01
Entangled Teen,3,2022-10-01
Hyperion,3,2022-10-01
Pamela Dorman,3,2022-10-01
Penguin Life,3,2022-10-01
Simon Element,3,2022-10-01
Tor Teen,3,2022-10-01
Washington Square/Atria,3,2022-10-01
Tordotcom,2,2022-10-01
"Little, Brown Spark",2,2022-10-01
Wednesday,2,2022-10-01
Lioncrest,2,2022-10-01
Viking,2,2022-10-01
One World,2,2022-10-01
Back Bay,2,2022-10-01
Gallery,2,2022-10-01
Frontline,2,2022-10-01
Anchor,1,2022-10-01
Hyperion/Disney,1,2022-10-01
Bright Matter,1,2022-10-01
Abrams,1,2022-10-01
Bantam,1,2022-10-01
Harper Perennial,1,2022-10-01
Berkley,0,2022-10-01
Hay House,0,2022-10-01
Sentinel,0,2022-10-01
"Philomel, hardcover; Puffin, paper",0,2022-10-01
Blue Box,0,2022-10-01
Seven Seas,0,2022-10-01
Viz Media,0,2022-10-01
Hogarth,0,2022-10-01
Rodale,0,2022-10-01
Yen Press,0,2022-10-01
Northfield,0,2022-10-01
Mariner,0,2022-10-01
Audible Originals,0,2022-10-01
Regnery,0,2022-10-01
Stepping Stone/Random House,0,2022-10-01
Convergent,0,2022-10-01
Basic,0,2022-10-01
Bloom,0,2022-10-01
Melville House,0,2022-10-01
Orchard,0,2022-10-01
HarperAudio,0,2022-10-01
Candlewick,0,2022-10-01
St. Martin's Griffin,0,2022-10-01
Ecco,0,2022-10-01
Zebra,0,2022-10-01
Nancy Paulsen,0,2022-10-01
Razorbill,0,2022-10-01
Dutton,0,2022-10-01
Broadway,0,2022-10-01
Avid Reader,0,2022-10-01
Twelve,0,2022-10-01
Pocket,0,2022-10-01
Spiegel & Grau,0,2022-10-01
Norton,0,2022-10-01
Levine Querido,0,2022-10-01
Audible Studios,0,2022-10-01
Harper Business,0,2022-10-01
Silhouette,0,2022-10-01
MIRA,0,2022-10-01
Seven Seas Entertainment,0,2022-10-01
Avon,0,2022-10-01
Amistad,0,2022-10-01
Celadon,0,2022-10-01
Kensington,0,2022-10-01
Atheneum/Caitlyn Dlouhy,0,2022-10-01
Running Press,0,2022-10-01
Starscape,0,2022-10-01
Seven Stories,0,2022-10-01
Thomas Nelson,0,2022-10-01
Scholastic,311,2023-01-01
Atria,245,2023-01-01
Random House Audio,164,2023-01-01
Random House,156,2023-01-01
Simon & Schuster Audio,148,2023-01-01
Avery,128,2023-01-01
"Little, Brown",124,2023-01-01
Grand Central,118,2023-01-01
Simon & Schuster,114,2023-01-01
Delacorte,112,2023-01-01
Doubleday,99,2023-01-01
Crown,97,2023-01-01
Penguin,97,2023-01-01
Knopf,88,2023-01-01
Penguin Press,77,2023-01-01
HarperCollins,75,2023-01-01
Ember,66,2023-01-01
Sourcebooks Fire,66,2023-01-01
Amulet,65,2023-01-01
Dell,59,2023-01-01
Sourcebooks Jabberwocky,58,2023-01-01
Quill Tree,57,2023-01-01
Clarion,51,2023-01-01
Morrow,44,2023-01-01
St. Martin's,42,2023-01-01
Flatiron,39,2023-01-01
Harper,38,2023-01-01
Putnam,37,2023-01-01
Milkweed Editions,34,2023-01-01
Broadside,34,2023-01-01
Yearling,32,2023-01-01
VIZ Media,31,2023-01-01
Macmillan Audio,31,2023-01-01
Scribner,30,2023-01-01
Margaret K. McElderry,30,2023-01-01
Square Fish,29,2023-01-01
Dey Street,25,2023-01-01
Vintage,25,2023-01-01
HarperOne,25,2023-01-01
HarperAudio,25,2023-01-01
Dial,23,2023-01-01
Sourcebooks Wonderland,22,2023-01-01
Grosset & Dunlap,21,2023-01-01
Greenwillow,20,2023-01-01
Feiwel & Friends,17,2023-01-01
Canary Street,15,2023-01-01
Penguin Audio,14,2023-01-01
Philomel,14,2023-01-01
Ballantine,14,2023-01-01
Clarkson Potter,13,2023-01-01
Washington Square/Atria,13,2023-01-01
"Farrar, Straus & Giroux",12,2023-01-01
Dutton,12,2023-01-01
Celadon,11,2023-01-01
Bloomsbury,11,2023-01-01
Disney,11,2023-01-01
Bloom,10,2023-01-01
Random House Studio,10,2023-01-01
"Little, Brown Spark",10,2023-01-01
Pamela Dorman,10,2023-01-01
Pocket,8,2023-01-01
Audible Studios,8,2023-01-01
Penguin Workshop,8,2023-01-01
Sourcebooks Explore,7,2023-01-01
Lioncrest,6,2023-01-01
Disney-Hyperion,6,2023-01-01
Wednesday,5,2023-01-01
First Second,4,2023-01-01
Kokila,4,2023-01-01
Harper Voyager,4,2023-01-01
Harper Perennial,4,2023-01-01
Beacon,4,2023-01-01
Chronicle,4,2023-01-01
Viking,4,2023-01-01
Zebra,4,2023-01-01
Crown Forum,3,2023-01-01
HarperFestival,3,2023-01-01
Bright Matter,3,2023-01-01
Riverhead,2,2023-01-01
Thomas Nelson,2,2023-01-01
Berkley,2,2023-01-01
Liveright,2,2023-01-01
Stepping Stone/Random House,1,2023-01-01
Gallery/13A,1,2023-01-01
Avon,1,2023-01-01
TarcherPerigee,1,2023-01-01
Holt,0,2023-01-01
Back Bay,0,2023-01-01
One World,0,2023-01-01
Podium Audio,0,2023-01-01
Pinnacle,0,2023-01-01
Twelve,0,2023-01-01
Tor Teen,0,2023-01-01
Gallery,0,2023-01-01
Simon Element,0,2023-01-01
Square Enix,0,2023-01-01
Avid Reader,0,2023-01-01
Random House Worlds,0,2023-01-01
HarperTeen,0,2023-01-01
Balzer + Bray,0,2023-01-01
Hyperion,0,2023-01-01
Basic,0,2023-01-01
Abrams Appleseed,0,2023-01-01
Workman,0,2023-01-01
Aladdin,0,2023-01-01
Tyndale Momentum,0,2023-01-01
Orchard,0,2023-01-01
Portfolio,0,2023-01-01
Rodale,0,2023-01-01
"Back Bay/Little, Brown",0,2023-01-01
Silhouette,0,2023-01-01
Levine Querido,0,2023-01-01
Metropolitan,0,2023-01-01
Harper Business,0,2023-01-01
Harper Wave,0,2023-01-01
Flamingo,0,2023-01-01
Threshold Editions,0,2023-01-01
Zonderkidz,0,2023-01-01
Park Row,0,2023-01-01
Atheneum/Caitlyn Dlouhy,0,2023-01-01
Sentinel,0,2023-01-01
Hachette Audio,0,2023-01-01
Viz Media,0,2023-01-01
Harmony,0,2023-01-01
Christy Ottaviano,0,2023-01-01
Entangled Teen,0,2023-01-01
Atria/Emily Bestler,0,2023-01-01
Hay House,0,2023-01-01
Ecco,0,2023-01-01
Harper Select,0,2023-01-01
Union Square Kids,0,2023-01-01
Atheneum,0,2023-01-01
Joy Revolution,0,2023-01-01
St. Martin's Griffin,0,2023-01-01
Minotaur,0,2023-01-01
Broadway,0,2023-01-01
Washington Square,0,2023-01-01
Harlequin Audio,0,2023-01-01
Sourcebooks Casablanca,0,2023-01-01
Katherine Tegen,0,2023-01-01
Row House,0,2023-01-01
Scholastic,343,2023-04-01
Random House Audio,227,2023-04-01
Atria,172,2023-04-01
Grand Central,155,2023-04-01
Doubleday,153,2023-04-01
Delacorte,131,2023-04-01
Avery,126,2023-04-01
Vintage,100,2023-04-01
Berkley,99,2023-04-01
Random House,90,2023-04-01
Knopf,89,2023-04-01
Penguin,89,2023-04-01
Simon & Schuster Audio,86,2023-04-01
Simon & Schuster,85,2023-04-01
Penguin Press,84,2023-04-01
"Little, Brown",81,2023-04-01
Harmony,76,2023-04-01
HarperCollins,72,2023-04-01
Crown,70,2023-04-01
Sourcebooks Fire,65,2023-04-01
Amulet,63,2023-04-01
Square Fish,56,2023-04-01
Ember,52,2023-04-01
Sourcebooks Jabberwocky,51,2023-04-01
Morrow,43,2023-04-01
Dial,38,2023-04-01
HarperAudio,36,2023-04-01
Margaret K. McElderry,33,2023-04-01
Disney Hyperion,32,2023-04-01
VIZ Media,31,2023-04-01
Harper,30,2023-04-01
Marysue Rucci,29,2023-04-01
Ballantine,28,2023-04-01
Putnam,28,2023-04-01
Holt,27,2023-04-01
Clarion,26,2023-04-01
St. Martin's,25,2023-04-01
Milkweed Editions,24,2023-04-01
Dey Street,20,2023-04-01
HarperOne,20,2023-04-01
Philomel,17,2023-04-01
Penguin Audio,17,2023-04-01
Workman,17,2023-04-01
Compendium,17,2023-04-01
Dell,16,2023-04-01
Pocket,16,2023-04-01
Recorded Books,16,2023-04-01
Washington Square/Atria,16,2023-04-01
Balzer + Bray,16,2023-04-01
Grove,16,2023-04-01
Broadside,15,2023-04-01
Red Tower,15,2023-04-01
HarperFestival,14,2023-04-01
Chronicle,13,2023-04-01
MIRA,12,2023-04-01
Sourcebooks Wonderland,11,2023-04-01
Wednesday,10,2023-04-01
Atria/Emily Bestler,10,2023-04-01
Quill Tree,10,2023-04-01
Zebra,10,2023-04-01
Feiwel & Friends,10,2023-04-01
Flatiron,10,2023-04-01
Scribner,9,2023-04-01
Dutton,9,2023-04-01
Grosset & Dunlap,8,2023-04-01
Canary Street,7,2023-04-01
Simon Element,7,2023-04-01
"Knopf, McSweeney's",7,2023-04-01
Avon,7,2023-04-01
"Farrar, Straus & Giroux",6,2023-04-01
Wheat Penny,5,2023-04-01
Entangled Teen,5,2023-04-01
Harper Horizon,5,2023-04-01
Disney,5,2023-04-01
Mariner,4,2023-04-01
Macmillan Audio,4,2023-04-01
Hachette Audio,4,2023-04-01
Forever,4,2023-04-01
Atria/One Signal,4,2023-04-01
Clarkson Potter,3,2023-04-01
World of Eric Carle,3,2023-04-01
"Little, Brown Spark",2,2023-04-01
Tor,2,2023-04-01
Atheneum/Caitlyn Dlouhy,2,2023-04-01
Seven Seas Entertainment,2,2023-04-01
Abrams Image,2,2023-04-01
Rodale,1,2023-04-01
Hachette Go,1,2023-04-01
Hogarth,1,2023-04-01
Avid Reader,1,2023-04-01
Atheneum,1,2023-04-01
Riverhead,0,2023-04-01
Lioncrest,0,2023-04-01
Tyndale Audio,0,2023-04-01
Picador,0,2023-04-01
Liberatio Protocol,0,2023-04-01
HQN,0,2023-04-01
Bloomsbury,0,2023-04-01
Anchor,0,2023-04-01
Hachette,0,2023-04-01
Hay House,0,2023-04-01
Penguin Workshop,0,2023-04-01
Gallery,0,2023-04-01
Back Bay,0,2023-04-01
One World,0,2023-04-01
First Second,0,2023-04-01
Yearling,0,2023-04-01
Roaring Brook,0,2023-04-01
Disney Lucasfilm,0,2023-04-01
Pinnacle,0,2023-04-01
Ten Speed,0,2023-04-01
Twelve,0,2023-04-01
Park Row,0,2023-04-01
Celadon,0,2023-04-01
Disney-Hyperion,0,2023-04-01
Harper Perennial,0,2023-04-01
Bantam,0,2023-04-01
Orbit,0,2023-04-01
FaithWords,0,2023-04-01
Brilliance Audio,0,2023-04-01
Audible Studios,0,2023-04-01
Silhouette,0,2023-04-01
Norton,0,2023-04-01
Metropolitan,0,2023-04-01
Frontline,0,2023-04-01
IDW,0,2023-04-01
Harlequin,0,2023-04-01
Gallery/Saga,0,2023-04-01
DK,0,2023-04-01
Algonquin,0,2023-04-01
Bloom,0,2023-04-01
Tyndale Momentum,0,2023-04-01
HarperTeen,0,2023-04-01
Hyperion Avenue,0,2023-04-01
Kokila,0,2023-04-01
Alpha,0,2023-04-01
Blackstone,0,2023-04-01
Basic,0,2023-04-01
Orchard,0,2023-04-01
Simon Spotlight,0,2023-04-01
Viking,0,2023-04-01
Atlantic Monthly,0,2023-04-01
Katherine Tegen,0,2023-04-01
Nancy Paulsen,0,2023-04-01
Greenwillow,0,2023-04-01
Tundra,0,2023-04-01
Broadway,0,2023-04-01
Balance,0,2023-04-01
The Open Field,0,2023-04-01
Washington Square,0,2023-04-01
Pamela Dorman,0,2023-04-01
Ecco,0,2023-04-01
Harper Select,0,2023-04-01
St. Martin's Griffin,0,2023-04-01
Countryman,0,2023-04-01
Union Square & Co,0,2023-04-01
Andscape,0,2023-04-01
Forge,0,2023-04-01
Scholastic,363,2023-07-01
Vintage,180,2023-07-01
Doubleday,165,2023-07-01
Random House Audio,136,2023-07-01
Avery,128,2023-07-01
Grand Central,124,2023-07-01
Simon & Schuster,123,2023-07-01
Atria,118,2023-07-01
Red Tower,114,2023-07-01
Harmony,103,2023-07-01
Sourcebooks Fire,101,2023-07-01
Delacorte,99,2023-07-01
Penguin Press,99,2023-07-01
"Little, Brown",93,2023-07-01
Recorded Books,74,2023-07-01
Penguin,74,2023-07-01
Harper,71,2023-07-01
Disney Hyperion,61,2023-07-01
Clarion,61,2023-07-01
Simon & Schuster Audio,60,2023-07-01
Dell,60,2023-07-01
Random House,58,2023-07-01
Knopf,56,2023-07-01
Philomel,53,2023-07-01
Berkley,44,2023-07-01
Ember,43,2023-07-01
Wednesday,39,2023-07-01
Workman,38,2023-07-01
HarperAudio,37,2023-07-01
Blackstone Audio,36,2023-07-01
Pocket,36,2023-07-01
Atheneum,33,2023-07-01
DK,32,2023-07-01
Dial,31,2023-07-01
Macmillan Audio,30,2023-07-01
Square Fish,29,2023-07-01
Flatiron,28,2023-07-01
Amulet,26,2023-07-01
St. Martin's,24,2023-07-01
Avid Reader,22,2023-07-01
Inklore,20,2023-07-01
VIZ Media,20,2023-07-01
Morrow,19,2023-07-01
Hyperion,19,2023-07-01
Sourcebooks Wonderland,18,2023-07-01
Zebra,16,2023-07-01
HarperAlley,15,2023-07-01
Holt,15,2023-07-01
Feiwel & Friends,14,2023-07-01
Milkweed Editions,14,2023-07-01
HarperOne,12,2023-07-01
Scribner,10,2023-07-01
Dutton,9,2023-07-01
Sourcebooks Jabberwocky,9,2023-07-01
Bloom,9,2023-07-01
Atheneum/Caitlyn Dlouhy,8,2023-07-01
Penguin Audio,8,2023-07-01
"Farrar, Straus & Giroux",8,2023-07-01
Lioncrest,8,2023-07-01
St. Martin's Griffin,7,2023-07-01
Atria/Emily Bestler,7,2023-07-01
Quill Tree,7,2023-07-01
Del Rey,7,2023-07-01
Broadside,6,2023-07-01
Grove,6,2023-07-01
Ballantine,6,2023-07-01
Liveright,6,2023-07-01
Razorbill,6,2023-07-01
Union Square Kids,5,2023-07-01
Candlewick,5,2023-07-01
Skyhorse,5,2023-07-01
Random House Studio,5,2023-07-01
Margaret K. McElderry,5,2023-07-01
One World,5,2023-07-01
Zebra/Kensington,5,2023-07-01
Random House Graphic,4,2023-07-01
Harper Perennial,4,2023-07-01
Nancy Paulsen,4,2023-07-01
Greenwillow,4,2023-07-01
Hachette Audio,4,2023-07-01
Anchor,4,2023-07-01
Blackstone,4,2023-07-01
"Farrar, Straus and Giroux",4,2023-07-01
Crown,4,2023-07-01
Riverhead,4,2023-07-01
Grosset & Dunlap,3,2023-07-01
FrontLine,3,2023-07-01
Poisoned Pen,3,2023-07-01
Simon Spotlight,3,2023-07-01
Union Square & Co,2,2023-07-01
Gallery/Scout,2,2023-07-01
Washington Square/Atria,2,2023-07-01
HarperCollins,1,2023-07-01
Disney-Hyperion,1,2023-07-01
Disney,1,2023-07-01
Peachtree Teen,1,2023-07-01
Abrams,1,2023-07-01
Rodale,1,2023-07-01
Ecco,0,2023-07-01
Chronicle,0,2023-07-01
Forefront,0,2023-07-01
Pamela Dorman,0,2023-07-01
HarperCollins Leadership,0,2023-07-01
Celadon,0,2023-07-01
FaithWords,0,2023-07-01
Threshold Editions,0,2023-07-01
Tor,0,2023-07-01
Thomas Nelson,0,2023-07-01
Putnam,0,2023-07-01
Puffin,0,2023-07-01
Griffin,0,2023-07-01
Broadway,0,2023-07-01
Sourcebooks Casablanca,0,2023-07-01
Viking,0,2023-07-01
Katherine Tegen,0,2023-07-01
Minotaur,0,2023-07-01
"Little, Brown Spark",0,2023-07-01
Bloomsbury,0,2023-07-01
Christy Ottaviano,0,2023-07-01
Blue Box,0,2023-07-01
Hachette,0,2023-07-01
Harper Horizon,0,2023-07-01
Balzer + Bray,0,2023-07-01
All Seasons,0,2023-07-01
Hyperion Avenue,0,2023-07-01
Clarkson Potter,0,2023-07-01
Audible Studios,0,2023-07-01
MIRA,0,2023-07-01
Algonquin,0,2023-07-01
Norton,0,2023-07-01
Gallery/Saga,0,2023-07-01
"Back Bay/Little, Brown",0,2023-07-01
IDW,0,2023-07-01
Silhouette,0,2023-07-01
Harper Wave,0,2023-07-01
Back Bay,0,2023-07-01
Gallery,0,2023-07-01
Pinnacle,0,2023-07-01
Yearling,0,2023-07-01
Marysue Rucci,0,2023-07-01
Pantheon,0,2023-07-01
Random House Worlds,0,2023-07-01
Hogarth,0,2023-07-01
Mariner,0,2023-07-01
Picador,0,2023-07-01
Sourcebooks Explore,0,2023-07-01
Canary Street,0,2023-07-01
Portfolio,0,2023-07-01
Harper Voyager,0,2023-07-01
National Geographic,0,2023-07-01
Scholastic,368,2023-10-01
Red Tower,170,2023-10-01
Simon & Schuster,155,2023-10-01
Simon & Schuster Audio,152,2023-10-01
Doubleday,134,2023-10-01
Vintage,130,2023-10-01
Viking,116,2023-10-01
Avery,105,2023-10-01
Atria,90,2023-10-01
Amulet,86,2023-10-01
Gallery,84,2023-10-01
Grand Central,81,2023-10-01
Clarion,81,2023-10-01
Random House Audio,79,2023-10-01
Wednesday,77,2023-10-01
Recorded Books,76,2023-10-01
Bloom,76,2023-10-01
Sourcebooks Fire,73,2023-10-01
Penguin Press,69,2023-10-01
Scribner,68,2023-10-01
Square Fish,65,2023-10-01
Penguin,65,2023-10-01
Sourcebooks Jabberwocky,63,2023-10-01
Dell,61,2023-10-01
Knopf,58,2023-10-01
HarperAudio,54,2023-10-01
Union Square Kids,50,2023-10-01
"Little, Brown",49,2023-10-01
Flatiron,49,2023-10-01
Ember,42,2023-10-01
VIZ Media,40,2023-10-01
Delacorte,40,2023-10-01
Putnam,40,2023-10-01
Portfolio,37,2023-10-01
Harper,32,2023-10-01
Morrow,32,2023-10-01
Disney-Hyperion,31,2023-10-01
Norton,31,2023-10-01
Sourcebooks Wonderland,29,2023-10-01
Macmillan Audio,25,2023-10-01
Random House,25,2023-10-01
Threshold Editions,25,2023-10-01
Margaret K. McElderry,25,2023-10-01
Crown,24,2023-10-01
Andrews McMeel,23,2023-10-01
St. Martin's,23,2023-10-01
Disney Hyperion,21,2023-10-01
Dey Street,21,2023-10-01
Berkley,20,2023-10-01
HarperCollins,20,2023-10-01
Riverhead,19,2023-10-01
Metropolitan,19,2023-10-01
Washington Square/Atria,17,2023-10-01
Sourcebooks Explore,16,2023-10-01
Hachette Audio,15,2023-10-01
Clarkson Potter,15,2023-10-01
Penguin Audio,15,2023-10-01
Milkweed Editions,14,2023-10-01
Greenwillow,14,2023-10-01
HarperTeen,13,2023-10-01
Minotaur,12,2023-10-01
Dial,11,2023-10-01
Random House Studio,10,2023-10-01
Bloomsbury,10,2023-10-01
First Second,10,2023-10-01
Celadon,10,2023-10-01
Nancy Paulsen,10,2023-10-01
Mulholland,9,2023-10-01
Atria/Emily Bestler,8,2023-10-01
Inklore,8,2023-10-01
Yearling,8,2023-10-01
Pamela Dorman,8,2023-10-01
Harmony,7,2023-10-01
Free Press,7,2023-10-01
DK,7,2023-10-01
Chronicle,7,2023-10-01
Tor,6,2023-10-01
Ten Speed,5,2023-10-01
Orbit,5,2023-10-01
MIRA,5,2023-10-01
Algonquin,5,2023-10-01
Harper Wave,5,2023-10-01
Disney,5,2023-10-01
Atheneum,5,2023-10-01
Anchor,4,2023-10-01
Pocket,4,2023-10-01
Audible Studios,4,2023-10-01
Candlewick Press,4,2023-10-01
Holt,3,2023-10-01
Harper Celebrate,3,2023-10-01
Peachtree Teen,3,2023-10-01
National Geographic,2,2023-10-01
Mariner,2,2023-10-01
Blue Box,2,2023-10-01
Tordotcom,2,2023-10-01
Del Rey,2,2023-10-01
Harper Perennial,2,2023-10-01
Philomel,2,2023-10-01
Abrams,2,2023-10-01
HarperOne,2,2023-10-01
Feiwel & Friends,2,2023-10-01
Hachette,1,2023-10-01
Seven Seas Entertainment,1,2023-10-01
"Farrar, Straus & Giroux",1,2023-10-01
Harper Horizon,1,2023-10-01
Dutton,1,2023-10-01
Hogarth,0,2023-10-01
Picador,0,2023-10-01
Rodale,0,2023-10-01
Lioncrest,0,2023-10-01
Harper Voyager,0,2023-10-01
Disney Manga,0,2023-10-01
Ace,0,2023-10-01
Regnery,0,2023-10-01
Canary Street,0,2023-10-01
Stepping Stone/Random House,0,2023-10-01
S&S/ Marysue Rucci,0,2023-10-01
"Little, Brown Spark",0,2023-10-01
Roc Lit 101,0,2023-10-01
Sentinel,0,2023-10-01
Entangled Teen,0,2023-10-01
Poisoned Pen,0,2023-10-01
One World,0,2023-10-01
That's What She Said,0,2023-10-01
Avid Reader,0,2023-10-01
Quill Tree,0,2023-10-01
Back Bay,0,2023-10-01
Simon Element,0,2023-10-01
Tor Teen,0,2023-10-01
Pinnacle,0,2023-10-01
Roaring Brook,0,2023-10-01
Harvest,0,2023-10-01
Atheneum/Caitlyn Dlouhy,0,2023-10-01
Thomas Nelson,0,2023-10-01
FrontLine,0,2023-10-01
Bramble,0,2023-10-01
Atria/One Signal,0,2023-10-01
IDW,0,2023-10-01
Silhouette,0,2023-10-01
Alcove,0,2023-10-01
Avon,0,2023-10-01
"Farrar, Straus and Giroux",0,2023-10-01
Insight Editions,0,2023-10-01
Workman,0,2023-10-01
Balzer + Bray,0,2023-10-01
Basic,0,2023-10-01
National Geographic Kids,0,2023-10-01
Aladdin,0,2023-10-01
Grove,0,2023-10-01
Ballantine,0,2023-10-01
Razorbill,0,2023-10-01
Zebra,0,2023-10-01
WaterBrook,0,2023-10-01
Liveright,0,2023-10-01
Ecco,0,2023-10-01
DAW,0,2023-10-01
Harper Select,0,2023-10-01
St. Martin's Griffin,0,2023-10-01
Candlewick,0,2023-10-01
The Open Field,0,2023-10-01
Broadway,0,2023-10-01
